process;parent;UID;process_occurrences;fragmented;datetime
ps(5202);run(5201);0;1;0;Sat Dec 16 17:14:57 2023
run(5952);run(4592);0;1;0;Sat Dec 16 17:14:57 2023
monitoring-VBox(8683);monitoring-VBox(4601);0;1;0;Sat Dec 16 17:14:57 2023
ps(5202);run(5201);0;1;0;Sat Dec 16 17:16:57 2023
run(5952);run(4592);0;1;0;Sat Dec 16 17:16:57 2023
monitoring-VBox(8683);monitoring-VBox(4601);0;1;0;Sat Dec 16 17:16:57 2023
monitoring-VBox(4603);run(4592);0;1;0;Sat Dec 16 17:16:57 2023
monitoring-VBox(28330);monitoring-VBox(28326);0;1;0;Sat Dec 16 17:16:57 2023
ps(5202);run(5201);0;1;0;Sat Dec 16 17:18:57 2023
run(5952);run(4592);0;1;0;Sat Dec 16 17:18:57 2023
monitoring-VBox(8683);monitoring-VBox(4601);0;1;0;Sat Dec 16 17:18:57 2023
monitoring-VBox(4603);run(4592);0;1;0;Sat Dec 16 17:18:57 2023
monitoring-VBox(28330);monitoring-VBox(28326);0;1;0;Sat Dec 16 17:18:57 2023
ps(5202);run(5201);0;1;0;Sat Dec 16 17:20:57 2023
run(5952);run(4592);0;1;0;Sat Dec 16 17:20:57 2023
monitoring-VBox(8683);monitoring-VBox(4601);0;1;0;Sat Dec 16 17:20:57 2023
monitoring-VBox(4603);run(4592);0;1;0;Sat Dec 16 17:20:57 2023
monitoring-VBox(28330);monitoring-VBox(28326);0;1;0;Sat Dec 16 17:20:57 2023
ps(5202);run(5201);0;1;0;Sat Dec 16 17:22:57 2023
run(5952);run(4592);0;1;0;Sat Dec 16 17:22:57 2023
monitoring-VBox(8683);monitoring-VBox(4601);0;1;0;Sat Dec 16 17:22:57 2023
monitoring-VBox(4603);run(4592);0;1;0;Sat Dec 16 17:22:57 2023
monitoring-VBox(28330);monitoring-VBox(28326);0;1;0;Sat Dec 16 17:22:57 2023
ps(5202);run(5201);0;1;0;Sat Dec 16 17:24:57 2023
run(5952);run(4592);0;1;0;Sat Dec 16 17:24:57 2023
monitoring-VBox(8683);monitoring-VBox(4601);0;1;0;Sat Dec 16 17:24:57 2023
monitoring-VBox(4603);run(4592);0;1;0;Sat Dec 16 17:24:57 2023
monitoring-VBox(28330);monitoring-VBox(28326);0;1;0;Sat Dec 16 17:24:57 2023
ps(5202);run(5201);0;1;0;Sat Dec 16 17:26:57 2023
run(5952);run(4592);0;1;0;Sat Dec 16 17:26:57 2023
monitoring-VBox(8683);monitoring-VBox(4601);0;1;0;Sat Dec 16 17:26:57 2023
monitoring-VBox(4603);run(4592);0;1;0;Sat Dec 16 17:26:57 2023
monitoring-VBox(28330);monitoring-VBox(28326);0;1;0;Sat Dec 16 17:26:57 2023
ps(5202);run(5201);0;1;0;Sat Dec 16 17:28:57 2023
run(5952);run(4592);0;1;0;Sat Dec 16 17:28:57 2023
monitoring-VBox(8683);monitoring-VBox(4601);0;1;0;Sat Dec 16 17:28:57 2023
monitoring-VBox(4603);run(4592);0;1;0;Sat Dec 16 17:28:57 2023
monitoring-VBox(28330);monitoring-VBox(28326);0;1;0;Sat Dec 16 17:28:57 2023
ps(5202);run(5201);0;1;0;Sat Dec 16 17:30:57 2023
run(5952);run(4592);0;1;0;Sat Dec 16 17:30:57 2023
monitoring-VBox(8683);monitoring-VBox(4601);0;1;0;Sat Dec 16 17:30:57 2023
monitoring-VBox(4603);run(4592);0;1;0;Sat Dec 16 17:30:57 2023
monitoring-VBox(28330);monitoring-VBox(28326);0;1;0;Sat Dec 16 17:30:57 2023
ps(5202);run(5201);0;1;0;Sat Dec 16 17:32:57 2023
run(5952);run(4592);0;1;0;Sat Dec 16 17:32:57 2023
monitoring-VBox(8683);monitoring-VBox(4601);0;1;0;Sat Dec 16 17:32:57 2023
monitoring-VBox(4603);run(4592);0;1;0;Sat Dec 16 17:32:57 2023
monitoring-VBox(28330);monitoring-VBox(28326);0;1;0;Sat Dec 16 17:32:57 2023
ps(5202);run(5201);0;1;0;Sat Dec 16 17:34:57 2023
run(5952);run(4592);0;1;0;Sat Dec 16 17:34:57 2023
monitoring-VBox(8683);monitoring-VBox(4601);0;1;0;Sat Dec 16 17:34:57 2023
monitoring-VBox(4603);run(4592);0;1;0;Sat Dec 16 17:34:57 2023
monitoring-VBox(28330);monitoring-VBox(28326);0;1;0;Sat Dec 16 17:34:57 2023
ps(5202);run(5201);0;1;0;Sat Dec 16 17:36:57 2023
run(5952);run(4592);0;1;0;Sat Dec 16 17:36:57 2023
monitoring-VBox(8683);monitoring-VBox(4601);0;1;0;Sat Dec 16 17:36:57 2023
monitoring-VBox(4603);run(4592);0;1;0;Sat Dec 16 17:36:57 2023
monitoring-VBox(28330);monitoring-VBox(28326);0;1;0;Sat Dec 16 17:36:57 2023
ps(5202);run(5201);0;1;0;Sat Dec 16 17:38:57 2023
run(5952);run(4592);0;1;0;Sat Dec 16 17:38:57 2023
monitoring-VBox(8683);monitoring-VBox(4601);0;1;0;Sat Dec 16 17:38:57 2023
monitoring-VBox(4603);run(4592);0;1;0;Sat Dec 16 17:38:57 2023
monitoring-VBox(28330);monitoring-VBox(28326);0;1;0;Sat Dec 16 17:38:57 2023
ps(5202);run(5201);0;1;0;Sat Dec 16 17:40:57 2023
run(5952);run(4592);0;1;0;Sat Dec 16 17:40:57 2023
monitoring-VBox(8683);monitoring-VBox(4601);0;1;0;Sat Dec 16 17:40:57 2023
monitoring-VBox(4603);run(4592);0;1;0;Sat Dec 16 17:40:57 2023
monitoring-VBox(28330);monitoring-VBox(28326);0;1;0;Sat Dec 16 17:40:57 2023
ps(5202);run(5201);0;1;0;Sat Dec 16 17:42:57 2023
run(5952);run(4592);0;1;0;Sat Dec 16 17:42:57 2023
monitoring-VBox(8683);monitoring-VBox(4601);0;1;0;Sat Dec 16 17:42:57 2023
monitoring-VBox(4603);run(4592);0;1;0;Sat Dec 16 17:42:57 2023
monitoring-VBox(28330);monitoring-VBox(28326);0;1;0;Sat Dec 16 17:42:57 2023
ps(5202);run(5201);0;1;0;Sat Dec 16 17:44:57 2023
run(5952);run(4592);0;1;0;Sat Dec 16 17:44:57 2023
monitoring-VBox(8683);monitoring-VBox(4601);0;1;0;Sat Dec 16 17:44:57 2023
monitoring-VBox(4603);run(4592);0;1;0;Sat Dec 16 17:44:57 2023
monitoring-VBox(28330);monitoring-VBox(28326);0;1;0;Sat Dec 16 17:44:57 2023
server-response(8069);bash(5596);0;1;0;Sat Dec 16 17:44:57 2023
ps(5202);run(5201);0;1;0;Sat Dec 16 17:46:57 2023
run(5952);run(4592);0;1;0;Sat Dec 16 17:46:57 2023
monitoring-VBox(8683);monitoring-VBox(4601);0;1;0;Sat Dec 16 17:46:57 2023
monitoring-VBox(4603);run(4592);0;1;0;Sat Dec 16 17:46:57 2023
monitoring-VBox(28330);monitoring-VBox(28326);0;1;0;Sat Dec 16 17:46:57 2023
server-response(8069);bash(5596);0;1;0;Sat Dec 16 17:46:57 2023
ps(5202);run(5201);0;1;0;Sat Dec 16 17:48:57 2023
run(5952);run(4592);0;1;0;Sat Dec 16 17:48:57 2023
monitoring-VBox(8683);monitoring-VBox(4601);0;1;0;Sat Dec 16 17:48:57 2023
monitoring-VBox(4603);run(4592);0;1;0;Sat Dec 16 17:48:57 2023
monitoring-VBox(28330);monitoring-VBox(28326);0;1;0;Sat Dec 16 17:48:57 2023
server-response(8069);bash(5596);0;1;0;Sat Dec 16 17:48:57 2023
ps(5202);run(5201);0;1;0;Sat Dec 16 17:50:57 2023
run(5952);run(4592);0;1;0;Sat Dec 16 17:50:57 2023
monitoring-VBox(8683);monitoring-VBox(4601);0;1;0;Sat Dec 16 17:50:57 2023
monitoring-VBox(4603);run(4592);0;1;0;Sat Dec 16 17:50:57 2023
monitoring-VBox(28330);monitoring-VBox(28326);0;1;0;Sat Dec 16 17:50:57 2023
server-response(8069);bash(5596);0;1;0;Sat Dec 16 17:50:57 2023
ps(5202);run(5201);0;1;0;Sat Dec 16 17:52:57 2023
run(5952);run(4592);0;1;0;Sat Dec 16 17:52:57 2023
monitoring-VBox(8683);monitoring-VBox(4601);0;1;0;Sat Dec 16 17:52:57 2023
monitoring-VBox(4603);run(4592);0;1;0;Sat Dec 16 17:52:57 2023
monitoring-VBox(28330);monitoring-VBox(28326);0;1;0;Sat Dec 16 17:52:57 2023
server-response(8069);bash(5596);0;1;0;Sat Dec 16 17:52:57 2023
ps(5202);run(5201);0;1;0;Sat Dec 16 17:54:57 2023
run(5952);run(4592);0;1;0;Sat Dec 16 17:54:57 2023
monitoring-VBox(8683);monitoring-VBox(4601);0;1;0;Sat Dec 16 17:54:57 2023
monitoring-VBox(4603);run(4592);0;1;0;Sat Dec 16 17:54:57 2023
monitoring-VBox(28330);monitoring-VBox(28326);0;1;0;Sat Dec 16 17:54:57 2023
server-response(8069);bash(5596);0;1;0;Sat Dec 16 17:54:57 2023
ps(5202);run(5201);0;1;0;Sat Dec 16 17:56:57 2023
run(5952);run(4592);0;1;0;Sat Dec 16 17:56:57 2023
monitoring-VBox(8683);monitoring-VBox(4601);0;1;0;Sat Dec 16 17:56:57 2023
monitoring-VBox(4603);run(4592);0;1;0;Sat Dec 16 17:56:57 2023
monitoring-VBox(28330);monitoring-VBox(28326);0;1;0;Sat Dec 16 17:56:57 2023
server-response(8069);bash(5596);0;1;0;Sat Dec 16 17:56:57 2023
ps(5202);run(5201);0;1;0;Sat Dec 16 17:58:57 2023
run(5952);run(4592);0;1;0;Sat Dec 16 17:58:57 2023
monitoring-VBox(8683);monitoring-VBox(4601);0;1;0;Sat Dec 16 17:58:57 2023
monitoring-VBox(4603);run(4592);0;1;0;Sat Dec 16 17:58:57 2023
monitoring-VBox(28330);monitoring-VBox(28326);0;1;0;Sat Dec 16 17:58:57 2023
server-response(8069);bash(5596);0;1;0;Sat Dec 16 17:58:57 2023
monitoring-VBox(361924);monitoring-VBox(4601);0;1;0;Sat Dec 16 17:58:57 2023
ps(5202);run(5201);0;1;0;Sat Dec 16 18:00:57 2023
run(5952);run(4592);0;1;0;Sat Dec 16 18:00:57 2023
monitoring-VBox(8683);monitoring-VBox(4601);0;1;0;Sat Dec 16 18:00:57 2023
monitoring-VBox(4603);run(4592);0;1;0;Sat Dec 16 18:00:57 2023
monitoring-VBox(28330);monitoring-VBox(28326);0;1;0;Sat Dec 16 18:00:57 2023
server-response(8069);bash(5596);0;1;0;Sat Dec 16 18:00:57 2023
monitoring-VBox(361924);monitoring-VBox(4601);0;1;0;Sat Dec 16 18:00:57 2023
ps(5202);run(5201);0;1;0;Sat Dec 16 18:02:57 2023
run(5952);run(4592);0;1;0;Sat Dec 16 18:02:57 2023
monitoring-VBox(8683);monitoring-VBox(4601);0;1;0;Sat Dec 16 18:02:57 2023
monitoring-VBox(4603);run(4592);0;1;0;Sat Dec 16 18:02:57 2023
monitoring-VBox(28330);monitoring-VBox(28326);0;1;0;Sat Dec 16 18:02:57 2023
server-response(8069);bash(5596);0;1;0;Sat Dec 16 18:02:57 2023
monitoring-VBox(361924);monitoring-VBox(4601);0;1;0;Sat Dec 16 18:02:57 2023
ps(5202);run(5201);0;1;0;Sat Dec 16 18:04:57 2023
run(5952);run(4592);0;1;0;Sat Dec 16 18:04:57 2023
monitoring-VBox(8683);monitoring-VBox(4601);0;1;0;Sat Dec 16 18:04:57 2023
monitoring-VBox(4603);run(4592);0;1;0;Sat Dec 16 18:04:57 2023
monitoring-VBox(28330);monitoring-VBox(28326);0;1;0;Sat Dec 16 18:04:57 2023
server-response(8069);bash(5596);0;2;0;Sat Dec 16 18:04:57 2023
monitoring-VBox(361924);monitoring-VBox(4601);0;1;0;Sat Dec 16 18:04:57 2023
EMT-0(4530);nspr-2(2638);0;3;0;Sat Dec 16 18:04:57 2023
EMT-1(4530);nspr-2(2638);0;10;0;Sat Dec 16 18:04:57 2023
ps(5202);run(5201);0;1;0;Sat Dec 16 18:06:57 2023
run(5952);run(4592);0;1;0;Sat Dec 16 18:06:57 2023
monitoring-VBox(8683);monitoring-VBox(4601);0;1;0;Sat Dec 16 18:06:57 2023
monitoring-VBox(4603);run(4592);0;1;0;Sat Dec 16 18:06:57 2023
monitoring-VBox(28330);monitoring-VBox(28326);0;1;0;Sat Dec 16 18:06:57 2023
server-response(8069);bash(5596);0;2;0;Sat Dec 16 18:06:57 2023
monitoring-VBox(361924);monitoring-VBox(4601);0;1;0;Sat Dec 16 18:06:57 2023
EMT-0(4530);nspr-2(2638);0;3;0;Sat Dec 16 18:06:57 2023
EMT-1(4530);nspr-2(2638);0;10;0;Sat Dec 16 18:06:57 2023
run(432162);run(432160);0;1;0;Sat Dec 16 18:06:57 2023
run(434462);run(4592);0;1;0;Sat Dec 16 18:06:57 2023
ps(5202);run(5201);0;1;0;Sat Dec 16 18:08:57 2023
run(5952);run(4592);0;1;0;Sat Dec 16 18:08:57 2023
monitoring-VBox(8683);monitoring-VBox(4601);0;1;0;Sat Dec 16 18:08:57 2023
monitoring-VBox(4603);run(4592);0;1;0;Sat Dec 16 18:08:57 2023
monitoring-VBox(28330);monitoring-VBox(28326);0;1;0;Sat Dec 16 18:08:57 2023
server-response(8069);bash(5596);0;2;0;Sat Dec 16 18:08:57 2023
monitoring-VBox(361924);monitoring-VBox(4601);0;1;0;Sat Dec 16 18:08:57 2023
EMT-0(4530);nspr-2(2638);0;3;0;Sat Dec 16 18:08:57 2023
EMT-1(4530);nspr-2(2638);0;10;0;Sat Dec 16 18:08:57 2023
run(432162);run(432160);0;1;0;Sat Dec 16 18:08:57 2023
run(434462);run(4592);0;1;0;Sat Dec 16 18:08:57 2023
ps(5202);run(5201);0;1;0;Sat Dec 16 18:10:57 2023
run(5952);run(4592);0;1;0;Sat Dec 16 18:10:57 2023
monitoring-VBox(8683);monitoring-VBox(4601);0;1;0;Sat Dec 16 18:10:57 2023
monitoring-VBox(4603);run(4592);0;1;0;Sat Dec 16 18:10:57 2023
monitoring-VBox(28330);monitoring-VBox(28326);0;1;0;Sat Dec 16 18:10:57 2023
server-response(8069);bash(5596);0;2;0;Sat Dec 16 18:10:57 2023
monitoring-VBox(361924);monitoring-VBox(4601);0;1;0;Sat Dec 16 18:10:57 2023
EMT-0(4530);nspr-2(2638);0;3;0;Sat Dec 16 18:10:57 2023
EMT-1(4530);nspr-2(2638);0;10;0;Sat Dec 16 18:10:57 2023
run(432162);run(432160);0;1;0;Sat Dec 16 18:10:57 2023
run(434462);run(4592);0;1;0;Sat Dec 16 18:10:57 2023
ps(5202);run(5201);0;1;0;Sat Dec 16 18:12:57 2023
run(5952);run(4592);0;1;0;Sat Dec 16 18:12:57 2023
monitoring-VBox(8683);monitoring-VBox(4601);0;1;0;Sat Dec 16 18:12:57 2023
monitoring-VBox(4603);run(4592);0;1;0;Sat Dec 16 18:12:57 2023
monitoring-VBox(28330);monitoring-VBox(28326);0;1;0;Sat Dec 16 18:12:57 2023
server-response(8069);bash(5596);0;2;0;Sat Dec 16 18:12:57 2023
monitoring-VBox(361924);monitoring-VBox(4601);0;1;0;Sat Dec 16 18:12:57 2023
EMT-0(4530);nspr-2(2638);0;3;0;Sat Dec 16 18:12:57 2023
EMT-1(4530);nspr-2(2638);0;10;0;Sat Dec 16 18:12:57 2023
run(432162);run(432160);0;1;0;Sat Dec 16 18:12:57 2023
run(434462);run(4592);0;1;0;Sat Dec 16 18:12:57 2023
ps(5202);run(5201);0;1;0;Sat Dec 16 18:14:57 2023
run(5952);run(4592);0;1;0;Sat Dec 16 18:14:57 2023
monitoring-VBox(8683);monitoring-VBox(4601);0;1;0;Sat Dec 16 18:14:57 2023
monitoring-VBox(4603);run(4592);0;1;0;Sat Dec 16 18:14:57 2023
monitoring-VBox(28330);monitoring-VBox(28326);0;1;0;Sat Dec 16 18:14:57 2023
server-response(8069);bash(5596);0;2;0;Sat Dec 16 18:14:57 2023
monitoring-VBox(361924);monitoring-VBox(4601);0;1;0;Sat Dec 16 18:14:57 2023
EMT-0(4530);nspr-2(2638);0;3;0;Sat Dec 16 18:14:57 2023
EMT-1(4530);nspr-2(2638);0;10;0;Sat Dec 16 18:14:57 2023
run(432162);run(432160);0;1;0;Sat Dec 16 18:14:57 2023
run(434462);run(4592);0;1;0;Sat Dec 16 18:14:57 2023
VBoxManage(491719);run(4573);0;1;0;Sat Dec 16 18:14:57 2023
VBoxHeadless(491735);nspr-4(2638);0;1;0;Sat Dec 16 18:14:57 2023
VMPwrUp(491735);nspr-4(2638);0;1;0;Sat Dec 16 18:14:57 2023
run(492586);run(4592);0;1;0;Sat Dec 16 18:14:57 2023
run(4592);run(4573);0;1;0;Sat Dec 16 18:14:57 2023
ps(5202);run(5201);0;1;0;Sat Dec 16 18:16:57 2023
run(5952);run(4592);0;1;0;Sat Dec 16 18:16:57 2023
monitoring-VBox(8683);monitoring-VBox(4601);0;1;0;Sat Dec 16 18:16:57 2023
monitoring-VBox(4603);run(4592);0;1;0;Sat Dec 16 18:16:57 2023
monitoring-VBox(28330);monitoring-VBox(28326);0;1;0;Sat Dec 16 18:16:57 2023
server-response(8069);bash(5596);0;2;0;Sat Dec 16 18:16:57 2023
monitoring-VBox(361924);monitoring-VBox(4601);0;1;0;Sat Dec 16 18:16:57 2023
EMT-0(4530);nspr-2(2638);0;3;0;Sat Dec 16 18:16:57 2023
EMT-1(4530);nspr-2(2638);0;10;0;Sat Dec 16 18:16:57 2023
run(432162);run(432160);0;1;0;Sat Dec 16 18:16:57 2023
run(434462);run(4592);0;1;0;Sat Dec 16 18:16:57 2023
VBoxManage(491719);run(4573);0;1;0;Sat Dec 16 18:16:57 2023
VBoxHeadless(491735);nspr-4(2638);0;1;0;Sat Dec 16 18:16:57 2023
VMPwrUp(491735);nspr-4(2638);0;1;0;Sat Dec 16 18:16:57 2023
run(492586);run(4592);0;1;0;Sat Dec 16 18:16:57 2023
run(4592);run(4573);0;1;0;Sat Dec 16 18:16:57 2023
ps(5202);run(5201);0;1;0;Sat Dec 16 18:18:57 2023
run(5952);run(4592);0;1;0;Sat Dec 16 18:18:57 2023
monitoring-VBox(8683);monitoring-VBox(4601);0;1;0;Sat Dec 16 18:18:57 2023
monitoring-VBox(4603);run(4592);0;1;0;Sat Dec 16 18:18:57 2023
monitoring-VBox(28330);monitoring-VBox(28326);0;1;0;Sat Dec 16 18:18:57 2023
server-response(8069);bash(5596);0;2;0;Sat Dec 16 18:18:57 2023
monitoring-VBox(361924);monitoring-VBox(4601);0;1;0;Sat Dec 16 18:18:57 2023
EMT-0(4530);nspr-2(2638);0;3;0;Sat Dec 16 18:18:57 2023
EMT-1(4530);nspr-2(2638);0;10;0;Sat Dec 16 18:18:57 2023
run(432162);run(432160);0;1;0;Sat Dec 16 18:18:57 2023
run(434462);run(4592);0;1;0;Sat Dec 16 18:18:57 2023
VBoxManage(491719);run(4573);0;1;0;Sat Dec 16 18:18:57 2023
VBoxHeadless(491735);nspr-4(2638);0;1;0;Sat Dec 16 18:18:57 2023
VMPwrUp(491735);nspr-4(2638);0;1;0;Sat Dec 16 18:18:57 2023
run(492586);run(4592);0;1;0;Sat Dec 16 18:18:57 2023
run(4592);run(4573);0;1;0;Sat Dec 16 18:18:57 2023
ps(5202);run(5201);0;1;0;Sat Dec 16 18:20:57 2023
run(5952);run(4592);0;1;0;Sat Dec 16 18:20:57 2023
monitoring-VBox(8683);monitoring-VBox(4601);0;1;0;Sat Dec 16 18:20:57 2023
monitoring-VBox(4603);run(4592);0;1;0;Sat Dec 16 18:20:57 2023
monitoring-VBox(28330);monitoring-VBox(28326);0;1;0;Sat Dec 16 18:20:57 2023
server-response(8069);bash(5596);0;2;0;Sat Dec 16 18:20:57 2023
monitoring-VBox(361924);monitoring-VBox(4601);0;1;0;Sat Dec 16 18:20:57 2023
EMT-0(4530);nspr-2(2638);0;3;0;Sat Dec 16 18:20:57 2023
EMT-1(4530);nspr-2(2638);0;10;0;Sat Dec 16 18:20:57 2023
run(432162);run(432160);0;1;0;Sat Dec 16 18:20:57 2023
run(434462);run(4592);0;1;0;Sat Dec 16 18:20:57 2023
VBoxManage(491719);run(4573);0;1;0;Sat Dec 16 18:20:57 2023
VBoxHeadless(491735);nspr-4(2638);0;1;0;Sat Dec 16 18:20:57 2023
VMPwrUp(491735);nspr-4(2638);0;1;0;Sat Dec 16 18:20:57 2023
run(492586);run(4592);0;1;0;Sat Dec 16 18:20:57 2023
run(4592);run(4573);0;1;0;Sat Dec 16 18:20:57 2023
ps(5202);run(5201);0;1;0;Sat Dec 16 18:22:57 2023
run(5952);run(4592);0;1;0;Sat Dec 16 18:22:57 2023
monitoring-VBox(8683);monitoring-VBox(4601);0;1;0;Sat Dec 16 18:22:57 2023
monitoring-VBox(4603);run(4592);0;1;0;Sat Dec 16 18:22:57 2023
monitoring-VBox(28330);monitoring-VBox(28326);0;1;0;Sat Dec 16 18:22:57 2023
server-response(8069);bash(5596);0;2;0;Sat Dec 16 18:22:57 2023
monitoring-VBox(361924);monitoring-VBox(4601);0;1;0;Sat Dec 16 18:22:57 2023
EMT-0(4530);nspr-2(2638);0;3;0;Sat Dec 16 18:22:57 2023
EMT-1(4530);nspr-2(2638);0;10;0;Sat Dec 16 18:22:57 2023
run(432162);run(432160);0;1;0;Sat Dec 16 18:22:57 2023
run(434462);run(4592);0;1;0;Sat Dec 16 18:22:57 2023
VBoxManage(491719);run(4573);0;1;0;Sat Dec 16 18:22:57 2023
VBoxHeadless(491735);nspr-4(2638);0;1;0;Sat Dec 16 18:22:57 2023
VMPwrUp(491735);nspr-4(2638);0;1;0;Sat Dec 16 18:22:57 2023
run(492586);run(4592);0;1;0;Sat Dec 16 18:22:57 2023
run(4592);run(4573);0;1;0;Sat Dec 16 18:22:57 2023
ps(5202);run(5201);0;1;0;Sat Dec 16 18:24:57 2023
run(5952);run(4592);0;1;0;Sat Dec 16 18:24:57 2023
monitoring-VBox(8683);monitoring-VBox(4601);0;1;0;Sat Dec 16 18:24:57 2023
monitoring-VBox(4603);run(4592);0;1;0;Sat Dec 16 18:24:57 2023
monitoring-VBox(28330);monitoring-VBox(28326);0;1;0;Sat Dec 16 18:24:57 2023
server-response(8069);bash(5596);0;2;0;Sat Dec 16 18:24:57 2023
monitoring-VBox(361924);monitoring-VBox(4601);0;1;0;Sat Dec 16 18:24:57 2023
EMT-0(4530);nspr-2(2638);0;3;0;Sat Dec 16 18:24:57 2023
EMT-1(4530);nspr-2(2638);0;10;0;Sat Dec 16 18:24:57 2023
run(432162);run(432160);0;1;0;Sat Dec 16 18:24:57 2023
run(434462);run(4592);0;1;0;Sat Dec 16 18:24:57 2023
VBoxManage(491719);run(4573);0;1;0;Sat Dec 16 18:24:57 2023
VBoxHeadless(491735);nspr-4(2638);0;1;0;Sat Dec 16 18:24:57 2023
VMPwrUp(491735);nspr-4(2638);0;1;0;Sat Dec 16 18:24:57 2023
run(492586);run(4592);0;1;0;Sat Dec 16 18:24:57 2023
run(4592);run(4573);0;1;0;Sat Dec 16 18:24:57 2023
ps(5202);run(5201);0;1;0;Sat Dec 16 18:26:57 2023
run(5952);run(4592);0;1;0;Sat Dec 16 18:26:57 2023
monitoring-VBox(8683);monitoring-VBox(4601);0;1;0;Sat Dec 16 18:26:57 2023
monitoring-VBox(4603);run(4592);0;1;0;Sat Dec 16 18:26:57 2023
monitoring-VBox(28330);monitoring-VBox(28326);0;1;0;Sat Dec 16 18:26:57 2023
server-response(8069);bash(5596);0;2;0;Sat Dec 16 18:26:57 2023
monitoring-VBox(361924);monitoring-VBox(4601);0;1;0;Sat Dec 16 18:26:57 2023
EMT-0(4530);nspr-2(2638);0;3;0;Sat Dec 16 18:26:57 2023
EMT-1(4530);nspr-2(2638);0;10;0;Sat Dec 16 18:26:57 2023
run(432162);run(432160);0;1;0;Sat Dec 16 18:26:57 2023
run(434462);run(4592);0;1;0;Sat Dec 16 18:26:57 2023
VBoxManage(491719);run(4573);0;1;0;Sat Dec 16 18:26:57 2023
VBoxHeadless(491735);nspr-4(2638);0;1;0;Sat Dec 16 18:26:57 2023
VMPwrUp(491735);nspr-4(2638);0;1;0;Sat Dec 16 18:26:57 2023
run(492586);run(4592);0;1;0;Sat Dec 16 18:26:57 2023
run(4592);run(4573);0;1;0;Sat Dec 16 18:26:57 2023
ps(5202);run(5201);0;1;0;Sat Dec 16 18:28:57 2023
run(5952);run(4592);0;1;0;Sat Dec 16 18:28:57 2023
monitoring-VBox(8683);monitoring-VBox(4601);0;1;0;Sat Dec 16 18:28:57 2023
monitoring-VBox(4603);run(4592);0;1;0;Sat Dec 16 18:28:57 2023
monitoring-VBox(28330);monitoring-VBox(28326);0;1;0;Sat Dec 16 18:28:57 2023
server-response(8069);bash(5596);0;2;0;Sat Dec 16 18:28:57 2023
monitoring-VBox(361924);monitoring-VBox(4601);0;1;0;Sat Dec 16 18:28:57 2023
EMT-0(4530);nspr-2(2638);0;3;0;Sat Dec 16 18:28:57 2023
EMT-1(4530);nspr-2(2638);0;10;0;Sat Dec 16 18:28:57 2023
run(432162);run(432160);0;1;0;Sat Dec 16 18:28:57 2023
run(434462);run(4592);0;1;0;Sat Dec 16 18:28:57 2023
VBoxManage(491719);run(4573);0;1;0;Sat Dec 16 18:28:57 2023
VBoxHeadless(491735);nspr-4(2638);0;1;0;Sat Dec 16 18:28:57 2023
VMPwrUp(491735);nspr-4(2638);0;1;0;Sat Dec 16 18:28:57 2023
run(492586);run(4592);0;1;0;Sat Dec 16 18:28:57 2023
run(4592);run(4573);0;1;0;Sat Dec 16 18:28:57 2023
ps(5202);run(5201);0;1;0;Sat Dec 16 18:30:57 2023
run(5952);run(4592);0;1;0;Sat Dec 16 18:30:57 2023
monitoring-VBox(8683);monitoring-VBox(4601);0;1;0;Sat Dec 16 18:30:57 2023
monitoring-VBox(4603);run(4592);0;1;0;Sat Dec 16 18:30:57 2023
monitoring-VBox(28330);monitoring-VBox(28326);0;1;0;Sat Dec 16 18:30:57 2023
server-response(8069);bash(5596);0;2;0;Sat Dec 16 18:30:57 2023
monitoring-VBox(361924);monitoring-VBox(4601);0;1;0;Sat Dec 16 18:30:57 2023
EMT-0(4530);nspr-2(2638);0;3;0;Sat Dec 16 18:30:57 2023
EMT-1(4530);nspr-2(2638);0;10;0;Sat Dec 16 18:30:57 2023
run(432162);run(432160);0;1;0;Sat Dec 16 18:30:57 2023
run(434462);run(4592);0;1;0;Sat Dec 16 18:30:57 2023
VBoxManage(491719);run(4573);0;1;0;Sat Dec 16 18:30:57 2023
VBoxHeadless(491735);nspr-4(2638);0;1;0;Sat Dec 16 18:30:57 2023
VMPwrUp(491735);nspr-4(2638);0;1;0;Sat Dec 16 18:30:57 2023
run(492586);run(4592);0;1;0;Sat Dec 16 18:30:57 2023
run(4592);run(4573);0;1;0;Sat Dec 16 18:30:57 2023
ps(5202);run(5201);0;1;0;Sat Dec 16 18:32:57 2023
run(5952);run(4592);0;1;0;Sat Dec 16 18:32:57 2023
monitoring-VBox(8683);monitoring-VBox(4601);0;1;0;Sat Dec 16 18:32:57 2023
monitoring-VBox(4603);run(4592);0;1;0;Sat Dec 16 18:32:57 2023
monitoring-VBox(28330);monitoring-VBox(28326);0;1;0;Sat Dec 16 18:32:57 2023
server-response(8069);bash(5596);0;2;0;Sat Dec 16 18:32:57 2023
monitoring-VBox(361924);monitoring-VBox(4601);0;1;0;Sat Dec 16 18:32:57 2023
EMT-0(4530);nspr-2(2638);0;3;0;Sat Dec 16 18:32:57 2023
EMT-1(4530);nspr-2(2638);0;10;0;Sat Dec 16 18:32:57 2023
run(432162);run(432160);0;1;0;Sat Dec 16 18:32:57 2023
run(434462);run(4592);0;1;0;Sat Dec 16 18:32:57 2023
VBoxManage(491719);run(4573);0;1;0;Sat Dec 16 18:32:57 2023
VBoxHeadless(491735);nspr-4(2638);0;1;0;Sat Dec 16 18:32:57 2023
VMPwrUp(491735);nspr-4(2638);0;1;0;Sat Dec 16 18:32:57 2023
run(492586);run(4592);0;1;0;Sat Dec 16 18:32:57 2023
run(4592);run(4573);0;1;0;Sat Dec 16 18:32:57 2023
ps(5202);run(5201);0;1;0;Sat Dec 16 18:34:57 2023
run(5952);run(4592);0;1;0;Sat Dec 16 18:34:57 2023
monitoring-VBox(8683);monitoring-VBox(4601);0;1;0;Sat Dec 16 18:34:57 2023
monitoring-VBox(4603);run(4592);0;1;0;Sat Dec 16 18:34:57 2023
monitoring-VBox(28330);monitoring-VBox(28326);0;1;0;Sat Dec 16 18:34:57 2023
server-response(8069);bash(5596);0;2;0;Sat Dec 16 18:34:57 2023
monitoring-VBox(361924);monitoring-VBox(4601);0;1;0;Sat Dec 16 18:34:57 2023
EMT-0(4530);nspr-2(2638);0;3;0;Sat Dec 16 18:34:57 2023
EMT-1(4530);nspr-2(2638);0;10;0;Sat Dec 16 18:34:57 2023
run(432162);run(432160);0;1;0;Sat Dec 16 18:34:57 2023
run(434462);run(4592);0;1;0;Sat Dec 16 18:34:57 2023
VBoxManage(491719);run(4573);0;1;0;Sat Dec 16 18:34:57 2023
VBoxHeadless(491735);nspr-4(2638);0;1;0;Sat Dec 16 18:34:57 2023
VMPwrUp(491735);nspr-4(2638);0;1;0;Sat Dec 16 18:34:57 2023
run(492586);run(4592);0;1;0;Sat Dec 16 18:34:57 2023
run(4592);run(4573);0;1;0;Sat Dec 16 18:34:57 2023
ps(5202);run(5201);0;1;0;Sat Dec 16 18:36:57 2023
run(5952);run(4592);0;1;0;Sat Dec 16 18:36:57 2023
monitoring-VBox(8683);monitoring-VBox(4601);0;1;0;Sat Dec 16 18:36:57 2023
monitoring-VBox(4603);run(4592);0;1;0;Sat Dec 16 18:36:57 2023
monitoring-VBox(28330);monitoring-VBox(28326);0;1;0;Sat Dec 16 18:36:57 2023
server-response(8069);bash(5596);0;2;0;Sat Dec 16 18:36:57 2023
monitoring-VBox(361924);monitoring-VBox(4601);0;1;0;Sat Dec 16 18:36:57 2023
EMT-0(4530);nspr-2(2638);0;3;0;Sat Dec 16 18:36:57 2023
EMT-1(4530);nspr-2(2638);0;10;0;Sat Dec 16 18:36:57 2023
run(432162);run(432160);0;1;0;Sat Dec 16 18:36:57 2023
run(434462);run(4592);0;1;0;Sat Dec 16 18:36:57 2023
VBoxManage(491719);run(4573);0;1;0;Sat Dec 16 18:36:57 2023
VBoxHeadless(491735);nspr-4(2638);0;1;0;Sat Dec 16 18:36:57 2023
VMPwrUp(491735);nspr-4(2638);0;1;0;Sat Dec 16 18:36:57 2023
run(492586);run(4592);0;1;0;Sat Dec 16 18:36:57 2023
run(4592);run(4573);0;1;0;Sat Dec 16 18:36:57 2023
ps(5202);run(5201);0;1;0;Sat Dec 16 18:38:57 2023
run(5952);run(4592);0;1;0;Sat Dec 16 18:38:57 2023
monitoring-VBox(8683);monitoring-VBox(4601);0;1;0;Sat Dec 16 18:38:57 2023
monitoring-VBox(4603);run(4592);0;1;0;Sat Dec 16 18:38:57 2023
monitoring-VBox(28330);monitoring-VBox(28326);0;1;0;Sat Dec 16 18:38:57 2023
server-response(8069);bash(5596);0;2;0;Sat Dec 16 18:38:57 2023
monitoring-VBox(361924);monitoring-VBox(4601);0;1;0;Sat Dec 16 18:38:57 2023
EMT-0(4530);nspr-2(2638);0;3;0;Sat Dec 16 18:38:57 2023
EMT-1(4530);nspr-2(2638);0;10;0;Sat Dec 16 18:38:57 2023
run(432162);run(432160);0;1;0;Sat Dec 16 18:38:57 2023
run(434462);run(4592);0;1;0;Sat Dec 16 18:38:57 2023
VBoxManage(491719);run(4573);0;1;0;Sat Dec 16 18:38:57 2023
VBoxHeadless(491735);nspr-4(2638);0;1;0;Sat Dec 16 18:38:57 2023
VMPwrUp(491735);nspr-4(2638);0;1;0;Sat Dec 16 18:38:57 2023
run(492586);run(4592);0;1;0;Sat Dec 16 18:38:57 2023
run(4592);run(4573);0;1;0;Sat Dec 16 18:38:57 2023
ps(5202);run(5201);0;1;0;Sat Dec 16 18:40:57 2023
run(5952);run(4592);0;1;0;Sat Dec 16 18:40:57 2023
monitoring-VBox(8683);monitoring-VBox(4601);0;1;0;Sat Dec 16 18:40:57 2023
monitoring-VBox(4603);run(4592);0;1;0;Sat Dec 16 18:40:57 2023
monitoring-VBox(28330);monitoring-VBox(28326);0;1;0;Sat Dec 16 18:40:57 2023
server-response(8069);bash(5596);0;2;0;Sat Dec 16 18:40:57 2023
monitoring-VBox(361924);monitoring-VBox(4601);0;1;0;Sat Dec 16 18:40:57 2023
EMT-0(4530);nspr-2(2638);0;3;0;Sat Dec 16 18:40:57 2023
EMT-1(4530);nspr-2(2638);0;10;0;Sat Dec 16 18:40:57 2023
run(432162);run(432160);0;1;0;Sat Dec 16 18:40:57 2023
run(434462);run(4592);0;1;0;Sat Dec 16 18:40:57 2023
VBoxManage(491719);run(4573);0;1;0;Sat Dec 16 18:40:57 2023
VBoxHeadless(491735);nspr-4(2638);0;1;0;Sat Dec 16 18:40:57 2023
VMPwrUp(491735);nspr-4(2638);0;1;0;Sat Dec 16 18:40:57 2023
run(492586);run(4592);0;1;0;Sat Dec 16 18:40:57 2023
run(4592);run(4573);0;1;0;Sat Dec 16 18:40:57 2023
ps(5202);run(5201);0;1;0;Sat Dec 16 18:42:57 2023
run(5952);run(4592);0;1;0;Sat Dec 16 18:42:57 2023
monitoring-VBox(8683);monitoring-VBox(4601);0;1;0;Sat Dec 16 18:42:57 2023
monitoring-VBox(4603);run(4592);0;1;0;Sat Dec 16 18:42:57 2023
monitoring-VBox(28330);monitoring-VBox(28326);0;1;0;Sat Dec 16 18:42:57 2023
server-response(8069);bash(5596);0;2;0;Sat Dec 16 18:42:57 2023
monitoring-VBox(361924);monitoring-VBox(4601);0;1;0;Sat Dec 16 18:42:57 2023
EMT-0(4530);nspr-2(2638);0;3;0;Sat Dec 16 18:42:57 2023
EMT-1(4530);nspr-2(2638);0;10;0;Sat Dec 16 18:42:57 2023
run(432162);run(432160);0;1;0;Sat Dec 16 18:42:57 2023
run(434462);run(4592);0;1;0;Sat Dec 16 18:42:57 2023
VBoxManage(491719);run(4573);0;1;0;Sat Dec 16 18:42:57 2023
VBoxHeadless(491735);nspr-4(2638);0;1;0;Sat Dec 16 18:42:57 2023
VMPwrUp(491735);nspr-4(2638);0;1;0;Sat Dec 16 18:42:57 2023
run(492586);run(4592);0;1;0;Sat Dec 16 18:42:57 2023
run(4592);run(4573);0;1;0;Sat Dec 16 18:42:57 2023
ps(5202);run(5201);0;1;0;Sat Dec 16 18:44:57 2023
run(5952);run(4592);0;1;0;Sat Dec 16 18:44:57 2023
monitoring-VBox(8683);monitoring-VBox(4601);0;1;0;Sat Dec 16 18:44:57 2023
monitoring-VBox(4603);run(4592);0;1;0;Sat Dec 16 18:44:57 2023
monitoring-VBox(28330);monitoring-VBox(28326);0;1;0;Sat Dec 16 18:44:57 2023
server-response(8069);bash(5596);0;2;0;Sat Dec 16 18:44:57 2023
monitoring-VBox(361924);monitoring-VBox(4601);0;1;0;Sat Dec 16 18:44:57 2023
EMT-0(4530);nspr-2(2638);0;3;0;Sat Dec 16 18:44:57 2023
EMT-1(4530);nspr-2(2638);0;10;0;Sat Dec 16 18:44:57 2023
run(432162);run(432160);0;1;0;Sat Dec 16 18:44:57 2023
run(434462);run(4592);0;1;0;Sat Dec 16 18:44:57 2023
VBoxManage(491719);run(4573);0;1;0;Sat Dec 16 18:44:57 2023
VBoxHeadless(491735);nspr-4(2638);0;1;0;Sat Dec 16 18:44:57 2023
VMPwrUp(491735);nspr-4(2638);0;1;0;Sat Dec 16 18:44:57 2023
run(492586);run(4592);0;1;0;Sat Dec 16 18:44:57 2023
run(4592);run(4573);0;1;0;Sat Dec 16 18:44:57 2023
ps(5202);run(5201);0;1;0;Sat Dec 16 18:46:57 2023
run(5952);run(4592);0;1;0;Sat Dec 16 18:46:57 2023
monitoring-VBox(8683);monitoring-VBox(4601);0;1;0;Sat Dec 16 18:46:57 2023
monitoring-VBox(4603);run(4592);0;1;0;Sat Dec 16 18:46:57 2023
monitoring-VBox(28330);monitoring-VBox(28326);0;1;0;Sat Dec 16 18:46:57 2023
server-response(8069);bash(5596);0;2;0;Sat Dec 16 18:46:57 2023
monitoring-VBox(361924);monitoring-VBox(4601);0;1;0;Sat Dec 16 18:46:57 2023
EMT-0(4530);nspr-2(2638);0;3;0;Sat Dec 16 18:46:57 2023
EMT-1(4530);nspr-2(2638);0;10;0;Sat Dec 16 18:46:57 2023
run(432162);run(432160);0;1;0;Sat Dec 16 18:46:57 2023
run(434462);run(4592);0;1;0;Sat Dec 16 18:46:57 2023
VBoxManage(491719);run(4573);0;1;0;Sat Dec 16 18:46:57 2023
VBoxHeadless(491735);nspr-4(2638);0;1;0;Sat Dec 16 18:46:57 2023
VMPwrUp(491735);nspr-4(2638);0;1;0;Sat Dec 16 18:46:57 2023
run(492586);run(4592);0;1;0;Sat Dec 16 18:46:57 2023
run(4592);run(4573);0;1;0;Sat Dec 16 18:46:57 2023
apt-get(752223);apt.systemd.dai(752207);0;1;0;Sat Dec 16 18:46:57 2023
ps(5202);run(5201);0;1;0;Sat Dec 16 18:48:57 2023
run(5952);run(4592);0;1;0;Sat Dec 16 18:48:57 2023
monitoring-VBox(8683);monitoring-VBox(4601);0;1;0;Sat Dec 16 18:48:57 2023
monitoring-VBox(4603);run(4592);0;1;0;Sat Dec 16 18:48:57 2023
monitoring-VBox(28330);monitoring-VBox(28326);0;1;0;Sat Dec 16 18:48:57 2023
server-response(8069);bash(5596);0;2;0;Sat Dec 16 18:48:57 2023
monitoring-VBox(361924);monitoring-VBox(4601);0;1;0;Sat Dec 16 18:48:57 2023
EMT-0(4530);nspr-2(2638);0;3;0;Sat Dec 16 18:48:57 2023
EMT-1(4530);nspr-2(2638);0;10;0;Sat Dec 16 18:48:57 2023
run(432162);run(432160);0;1;0;Sat Dec 16 18:48:57 2023
run(434462);run(4592);0;1;0;Sat Dec 16 18:48:57 2023
VBoxManage(491719);run(4573);0;1;0;Sat Dec 16 18:48:57 2023
VBoxHeadless(491735);nspr-4(2638);0;1;0;Sat Dec 16 18:48:57 2023
VMPwrUp(491735);nspr-4(2638);0;1;0;Sat Dec 16 18:48:57 2023
run(492586);run(4592);0;1;0;Sat Dec 16 18:48:57 2023
run(4592);run(4573);0;1;0;Sat Dec 16 18:48:57 2023
apt-get(752223);apt.systemd.dai(752207);0;1;0;Sat Dec 16 18:48:57 2023
ps(5202);run(5201);0;1;0;Sat Dec 16 18:50:57 2023
run(5952);run(4592);0;1;0;Sat Dec 16 18:50:57 2023
monitoring-VBox(8683);monitoring-VBox(4601);0;1;0;Sat Dec 16 18:50:57 2023
monitoring-VBox(4603);run(4592);0;1;0;Sat Dec 16 18:50:57 2023
monitoring-VBox(28330);monitoring-VBox(28326);0;1;0;Sat Dec 16 18:50:57 2023
server-response(8069);bash(5596);0;2;0;Sat Dec 16 18:50:57 2023
monitoring-VBox(361924);monitoring-VBox(4601);0;1;0;Sat Dec 16 18:50:57 2023
EMT-0(4530);nspr-2(2638);0;3;0;Sat Dec 16 18:50:57 2023
EMT-1(4530);nspr-2(2638);0;10;0;Sat Dec 16 18:50:57 2023
run(432162);run(432160);0;1;0;Sat Dec 16 18:50:57 2023
run(434462);run(4592);0;1;0;Sat Dec 16 18:50:57 2023
VBoxManage(491719);run(4573);0;1;0;Sat Dec 16 18:50:57 2023
VBoxHeadless(491735);nspr-4(2638);0;1;0;Sat Dec 16 18:50:57 2023
VMPwrUp(491735);nspr-4(2638);0;1;0;Sat Dec 16 18:50:57 2023
run(492586);run(4592);0;1;0;Sat Dec 16 18:50:57 2023
run(4592);run(4573);0;1;0;Sat Dec 16 18:50:57 2023
apt-get(752223);apt.systemd.dai(752207);0;1;0;Sat Dec 16 18:50:57 2023
ps(5202);run(5201);0;1;0;Sat Dec 16 18:52:57 2023
run(5952);run(4592);0;1;0;Sat Dec 16 18:52:57 2023
monitoring-VBox(8683);monitoring-VBox(4601);0;1;0;Sat Dec 16 18:52:57 2023
monitoring-VBox(4603);run(4592);0;1;0;Sat Dec 16 18:52:57 2023
monitoring-VBox(28330);monitoring-VBox(28326);0;1;0;Sat Dec 16 18:52:57 2023
server-response(8069);bash(5596);0;2;0;Sat Dec 16 18:52:57 2023
monitoring-VBox(361924);monitoring-VBox(4601);0;1;0;Sat Dec 16 18:52:57 2023
EMT-0(4530);nspr-2(2638);0;3;0;Sat Dec 16 18:52:57 2023
EMT-1(4530);nspr-2(2638);0;10;0;Sat Dec 16 18:52:57 2023
run(432162);run(432160);0;1;0;Sat Dec 16 18:52:57 2023
run(434462);run(4592);0;1;0;Sat Dec 16 18:52:57 2023
VBoxManage(491719);run(4573);0;1;0;Sat Dec 16 18:52:57 2023
VBoxHeadless(491735);nspr-4(2638);0;1;0;Sat Dec 16 18:52:57 2023
VMPwrUp(491735);nspr-4(2638);0;1;0;Sat Dec 16 18:52:57 2023
run(492586);run(4592);0;1;0;Sat Dec 16 18:52:57 2023
run(4592);run(4573);0;1;0;Sat Dec 16 18:52:57 2023
apt-get(752223);apt.systemd.dai(752207);0;1;0;Sat Dec 16 18:52:57 2023
ps(5202);run(5201);0;1;0;Sat Dec 16 18:54:57 2023
run(5952);run(4592);0;1;0;Sat Dec 16 18:54:57 2023
monitoring-VBox(8683);monitoring-VBox(4601);0;1;0;Sat Dec 16 18:54:57 2023
monitoring-VBox(4603);run(4592);0;1;0;Sat Dec 16 18:54:57 2023
monitoring-VBox(28330);monitoring-VBox(28326);0;1;0;Sat Dec 16 18:54:57 2023
server-response(8069);bash(5596);0;2;0;Sat Dec 16 18:54:57 2023
monitoring-VBox(361924);monitoring-VBox(4601);0;1;0;Sat Dec 16 18:54:57 2023
EMT-0(4530);nspr-2(2638);0;3;0;Sat Dec 16 18:54:57 2023
EMT-1(4530);nspr-2(2638);0;10;0;Sat Dec 16 18:54:57 2023
run(432162);run(432160);0;1;0;Sat Dec 16 18:54:57 2023
run(434462);run(4592);0;1;0;Sat Dec 16 18:54:57 2023
VBoxManage(491719);run(4573);0;1;0;Sat Dec 16 18:54:57 2023
VBoxHeadless(491735);nspr-4(2638);0;1;0;Sat Dec 16 18:54:57 2023
VMPwrUp(491735);nspr-4(2638);0;1;0;Sat Dec 16 18:54:57 2023
run(492586);run(4592);0;1;0;Sat Dec 16 18:54:57 2023
run(4592);run(4573);0;1;0;Sat Dec 16 18:54:57 2023
apt-get(752223);apt.systemd.dai(752207);0;1;0;Sat Dec 16 18:54:57 2023
ps(5202);run(5201);0;1;0;Sat Dec 16 18:56:57 2023
run(5952);run(4592);0;1;0;Sat Dec 16 18:56:57 2023
monitoring-VBox(8683);monitoring-VBox(4601);0;1;0;Sat Dec 16 18:56:57 2023
monitoring-VBox(4603);run(4592);0;1;0;Sat Dec 16 18:56:57 2023
monitoring-VBox(28330);monitoring-VBox(28326);0;1;0;Sat Dec 16 18:56:57 2023
server-response(8069);bash(5596);0;2;0;Sat Dec 16 18:56:57 2023
monitoring-VBox(361924);monitoring-VBox(4601);0;1;0;Sat Dec 16 18:56:57 2023
EMT-0(4530);nspr-2(2638);0;3;0;Sat Dec 16 18:56:57 2023
EMT-1(4530);nspr-2(2638);0;10;0;Sat Dec 16 18:56:57 2023
run(432162);run(432160);0;1;0;Sat Dec 16 18:56:57 2023
run(434462);run(4592);0;1;0;Sat Dec 16 18:56:57 2023
VBoxManage(491719);run(4573);0;1;0;Sat Dec 16 18:56:57 2023
VBoxHeadless(491735);nspr-4(2638);0;1;0;Sat Dec 16 18:56:57 2023
VMPwrUp(491735);nspr-4(2638);0;1;0;Sat Dec 16 18:56:57 2023
run(492586);run(4592);0;1;0;Sat Dec 16 18:56:57 2023
run(4592);run(4573);0;1;0;Sat Dec 16 18:56:57 2023
apt-get(752223);apt.systemd.dai(752207);0;1;0;Sat Dec 16 18:56:57 2023
ps(5202);run(5201);0;1;0;Sat Dec 16 18:58:57 2023
run(5952);run(4592);0;1;0;Sat Dec 16 18:58:57 2023
monitoring-VBox(8683);monitoring-VBox(4601);0;1;0;Sat Dec 16 18:58:57 2023
monitoring-VBox(4603);run(4592);0;1;0;Sat Dec 16 18:58:57 2023
monitoring-VBox(28330);monitoring-VBox(28326);0;1;0;Sat Dec 16 18:58:57 2023
server-response(8069);bash(5596);0;2;0;Sat Dec 16 18:58:57 2023
monitoring-VBox(361924);monitoring-VBox(4601);0;1;0;Sat Dec 16 18:58:57 2023
EMT-0(4530);nspr-2(2638);0;3;0;Sat Dec 16 18:58:57 2023
EMT-1(4530);nspr-2(2638);0;10;0;Sat Dec 16 18:58:57 2023
run(432162);run(432160);0;1;0;Sat Dec 16 18:58:57 2023
run(434462);run(4592);0;1;0;Sat Dec 16 18:58:57 2023
VBoxManage(491719);run(4573);0;1;0;Sat Dec 16 18:58:57 2023
VBoxHeadless(491735);nspr-4(2638);0;1;0;Sat Dec 16 18:58:57 2023
VMPwrUp(491735);nspr-4(2638);0;1;0;Sat Dec 16 18:58:57 2023
run(492586);run(4592);0;1;0;Sat Dec 16 18:58:57 2023
run(4592);run(4573);0;1;0;Sat Dec 16 18:58:57 2023
apt-get(752223);apt.systemd.dai(752207);0;1;0;Sat Dec 16 18:58:57 2023
ps(5202);run(5201);0;1;0;Sat Dec 16 19:00:57 2023
run(5952);run(4592);0;1;0;Sat Dec 16 19:00:57 2023
monitoring-VBox(8683);monitoring-VBox(4601);0;1;0;Sat Dec 16 19:00:57 2023
monitoring-VBox(4603);run(4592);0;1;0;Sat Dec 16 19:00:57 2023
monitoring-VBox(28330);monitoring-VBox(28326);0;1;0;Sat Dec 16 19:00:57 2023
server-response(8069);bash(5596);0;2;0;Sat Dec 16 19:00:57 2023
monitoring-VBox(361924);monitoring-VBox(4601);0;1;0;Sat Dec 16 19:00:57 2023
EMT-0(4530);nspr-2(2638);0;3;0;Sat Dec 16 19:00:57 2023
EMT-1(4530);nspr-2(2638);0;10;0;Sat Dec 16 19:00:57 2023
run(432162);run(432160);0;1;0;Sat Dec 16 19:00:57 2023
run(434462);run(4592);0;1;0;Sat Dec 16 19:00:57 2023
VBoxManage(491719);run(4573);0;1;0;Sat Dec 16 19:00:57 2023
VBoxHeadless(491735);nspr-4(2638);0;1;0;Sat Dec 16 19:00:57 2023
VMPwrUp(491735);nspr-4(2638);0;1;0;Sat Dec 16 19:00:57 2023
run(492586);run(4592);0;1;0;Sat Dec 16 19:00:57 2023
run(4592);run(4573);0;1;0;Sat Dec 16 19:00:57 2023
apt-get(752223);apt.systemd.dai(752207);0;1;0;Sat Dec 16 19:00:57 2023
ps(5202);run(5201);0;1;0;Sat Dec 16 19:02:57 2023
run(5952);run(4592);0;1;0;Sat Dec 16 19:02:57 2023
monitoring-VBox(8683);monitoring-VBox(4601);0;1;0;Sat Dec 16 19:02:57 2023
monitoring-VBox(4603);run(4592);0;1;0;Sat Dec 16 19:02:57 2023
monitoring-VBox(28330);monitoring-VBox(28326);0;1;0;Sat Dec 16 19:02:57 2023
server-response(8069);bash(5596);0;2;0;Sat Dec 16 19:02:57 2023
monitoring-VBox(361924);monitoring-VBox(4601);0;1;0;Sat Dec 16 19:02:57 2023
EMT-0(4530);nspr-2(2638);0;3;0;Sat Dec 16 19:02:57 2023
EMT-1(4530);nspr-2(2638);0;10;0;Sat Dec 16 19:02:57 2023
run(432162);run(432160);0;1;0;Sat Dec 16 19:02:57 2023
run(434462);run(4592);0;1;0;Sat Dec 16 19:02:57 2023
VBoxManage(491719);run(4573);0;1;0;Sat Dec 16 19:02:57 2023
VBoxHeadless(491735);nspr-4(2638);0;1;0;Sat Dec 16 19:02:57 2023
VMPwrUp(491735);nspr-4(2638);0;1;0;Sat Dec 16 19:02:57 2023
run(492586);run(4592);0;1;0;Sat Dec 16 19:02:57 2023
run(4592);run(4573);0;1;0;Sat Dec 16 19:02:57 2023
apt-get(752223);apt.systemd.dai(752207);0;1;0;Sat Dec 16 19:02:57 2023
ps(5202);run(5201);0;1;0;Sat Dec 16 19:04:57 2023
run(5952);run(4592);0;1;0;Sat Dec 16 19:04:57 2023
monitoring-VBox(8683);monitoring-VBox(4601);0;1;0;Sat Dec 16 19:04:57 2023
monitoring-VBox(4603);run(4592);0;1;0;Sat Dec 16 19:04:57 2023
monitoring-VBox(28330);monitoring-VBox(28326);0;1;0;Sat Dec 16 19:04:57 2023
server-response(8069);bash(5596);0;2;0;Sat Dec 16 19:04:57 2023
monitoring-VBox(361924);monitoring-VBox(4601);0;1;0;Sat Dec 16 19:04:57 2023
EMT-0(4530);nspr-2(2638);0;3;0;Sat Dec 16 19:04:57 2023
EMT-1(4530);nspr-2(2638);0;10;0;Sat Dec 16 19:04:57 2023
run(432162);run(432160);0;1;0;Sat Dec 16 19:04:57 2023
run(434462);run(4592);0;1;0;Sat Dec 16 19:04:57 2023
VBoxManage(491719);run(4573);0;1;0;Sat Dec 16 19:04:57 2023
VBoxHeadless(491735);nspr-4(2638);0;1;0;Sat Dec 16 19:04:57 2023
VMPwrUp(491735);nspr-4(2638);0;1;0;Sat Dec 16 19:04:57 2023
run(492586);run(4592);0;1;0;Sat Dec 16 19:04:57 2023
run(4592);run(4573);0;1;0;Sat Dec 16 19:04:57 2023
apt-get(752223);apt.systemd.dai(752207);0;1;0;Sat Dec 16 19:04:57 2023
ps(5202);run(5201);0;1;0;Sat Dec 16 19:06:57 2023
run(5952);run(4592);0;1;0;Sat Dec 16 19:06:57 2023
monitoring-VBox(8683);monitoring-VBox(4601);0;1;0;Sat Dec 16 19:06:57 2023
monitoring-VBox(4603);run(4592);0;1;0;Sat Dec 16 19:06:57 2023
monitoring-VBox(28330);monitoring-VBox(28326);0;1;0;Sat Dec 16 19:06:57 2023
server-response(8069);bash(5596);0;2;0;Sat Dec 16 19:06:57 2023
monitoring-VBox(361924);monitoring-VBox(4601);0;1;0;Sat Dec 16 19:06:57 2023
EMT-0(4530);nspr-2(2638);0;3;0;Sat Dec 16 19:06:57 2023
EMT-1(4530);nspr-2(2638);0;10;0;Sat Dec 16 19:06:57 2023
run(432162);run(432160);0;1;0;Sat Dec 16 19:06:57 2023
run(434462);run(4592);0;1;0;Sat Dec 16 19:06:57 2023
VBoxManage(491719);run(4573);0;1;0;Sat Dec 16 19:06:57 2023
VBoxHeadless(491735);nspr-4(2638);0;1;0;Sat Dec 16 19:06:57 2023
VMPwrUp(491735);nspr-4(2638);0;1;0;Sat Dec 16 19:06:57 2023
run(492586);run(4592);0;1;0;Sat Dec 16 19:06:57 2023
run(4592);run(4573);0;1;0;Sat Dec 16 19:06:57 2023
apt-get(752223);apt.systemd.dai(752207);0;1;0;Sat Dec 16 19:06:57 2023
ps(5202);run(5201);0;1;0;Sat Dec 16 19:08:57 2023
run(5952);run(4592);0;1;0;Sat Dec 16 19:08:57 2023
monitoring-VBox(8683);monitoring-VBox(4601);0;1;0;Sat Dec 16 19:08:57 2023
monitoring-VBox(4603);run(4592);0;1;0;Sat Dec 16 19:08:57 2023
monitoring-VBox(28330);monitoring-VBox(28326);0;1;0;Sat Dec 16 19:08:57 2023
server-response(8069);bash(5596);0;2;0;Sat Dec 16 19:08:57 2023
monitoring-VBox(361924);monitoring-VBox(4601);0;1;0;Sat Dec 16 19:08:57 2023
EMT-0(4530);nspr-2(2638);0;3;0;Sat Dec 16 19:08:57 2023
EMT-1(4530);nspr-2(2638);0;10;0;Sat Dec 16 19:08:57 2023
run(432162);run(432160);0;1;0;Sat Dec 16 19:08:57 2023
run(434462);run(4592);0;1;0;Sat Dec 16 19:08:57 2023
VBoxManage(491719);run(4573);0;1;0;Sat Dec 16 19:08:57 2023
VBoxHeadless(491735);nspr-4(2638);0;1;0;Sat Dec 16 19:08:57 2023
VMPwrUp(491735);nspr-4(2638);0;1;0;Sat Dec 16 19:08:57 2023
run(492586);run(4592);0;1;0;Sat Dec 16 19:08:57 2023
run(4592);run(4573);0;1;0;Sat Dec 16 19:08:57 2023
apt-get(752223);apt.systemd.dai(752207);0;1;0;Sat Dec 16 19:08:57 2023
ps(5202);run(5201);0;1;0;Sat Dec 16 19:10:57 2023
run(5952);run(4592);0;1;0;Sat Dec 16 19:10:57 2023
monitoring-VBox(8683);monitoring-VBox(4601);0;1;0;Sat Dec 16 19:10:57 2023
monitoring-VBox(4603);run(4592);0;1;0;Sat Dec 16 19:10:57 2023
monitoring-VBox(28330);monitoring-VBox(28326);0;1;0;Sat Dec 16 19:10:57 2023
server-response(8069);bash(5596);0;2;0;Sat Dec 16 19:10:57 2023
monitoring-VBox(361924);monitoring-VBox(4601);0;1;0;Sat Dec 16 19:10:57 2023
EMT-0(4530);nspr-2(2638);0;3;0;Sat Dec 16 19:10:57 2023
EMT-1(4530);nspr-2(2638);0;10;0;Sat Dec 16 19:10:57 2023
run(432162);run(432160);0;1;0;Sat Dec 16 19:10:57 2023
run(434462);run(4592);0;1;0;Sat Dec 16 19:10:57 2023
VBoxManage(491719);run(4573);0;1;0;Sat Dec 16 19:10:57 2023
VBoxHeadless(491735);nspr-4(2638);0;1;0;Sat Dec 16 19:10:57 2023
VMPwrUp(491735);nspr-4(2638);0;1;0;Sat Dec 16 19:10:57 2023
run(492586);run(4592);0;1;0;Sat Dec 16 19:10:57 2023
run(4592);run(4573);0;1;0;Sat Dec 16 19:10:57 2023
apt-get(752223);apt.systemd.dai(752207);0;1;0;Sat Dec 16 19:10:57 2023
ps(5202);run(5201);0;1;0;Sat Dec 16 19:12:57 2023
run(5952);run(4592);0;1;0;Sat Dec 16 19:12:57 2023
monitoring-VBox(8683);monitoring-VBox(4601);0;1;0;Sat Dec 16 19:12:57 2023
monitoring-VBox(4603);run(4592);0;1;0;Sat Dec 16 19:12:57 2023
monitoring-VBox(28330);monitoring-VBox(28326);0;1;0;Sat Dec 16 19:12:57 2023
server-response(8069);bash(5596);0;2;0;Sat Dec 16 19:12:57 2023
monitoring-VBox(361924);monitoring-VBox(4601);0;1;0;Sat Dec 16 19:12:57 2023
EMT-0(4530);nspr-2(2638);0;3;0;Sat Dec 16 19:12:57 2023
EMT-1(4530);nspr-2(2638);0;10;0;Sat Dec 16 19:12:57 2023
run(432162);run(432160);0;1;0;Sat Dec 16 19:12:57 2023
run(434462);run(4592);0;1;0;Sat Dec 16 19:12:57 2023
VBoxManage(491719);run(4573);0;1;0;Sat Dec 16 19:12:57 2023
VBoxHeadless(491735);nspr-4(2638);0;1;0;Sat Dec 16 19:12:57 2023
VMPwrUp(491735);nspr-4(2638);0;1;0;Sat Dec 16 19:12:57 2023
run(492586);run(4592);0;1;0;Sat Dec 16 19:12:57 2023
run(4592);run(4573);0;1;0;Sat Dec 16 19:12:57 2023
apt-get(752223);apt.systemd.dai(752207);0;1;0;Sat Dec 16 19:12:57 2023
ps(5202);run(5201);0;1;0;Sat Dec 16 19:14:57 2023
run(5952);run(4592);0;1;0;Sat Dec 16 19:14:57 2023
monitoring-VBox(8683);monitoring-VBox(4601);0;1;0;Sat Dec 16 19:14:57 2023
monitoring-VBox(4603);run(4592);0;1;0;Sat Dec 16 19:14:57 2023
monitoring-VBox(28330);monitoring-VBox(28326);0;1;0;Sat Dec 16 19:14:57 2023
server-response(8069);bash(5596);0;2;0;Sat Dec 16 19:14:57 2023
monitoring-VBox(361924);monitoring-VBox(4601);0;1;0;Sat Dec 16 19:14:57 2023
EMT-0(4530);nspr-2(2638);0;3;0;Sat Dec 16 19:14:57 2023
EMT-1(4530);nspr-2(2638);0;10;0;Sat Dec 16 19:14:57 2023
run(432162);run(432160);0;1;0;Sat Dec 16 19:14:57 2023
run(434462);run(4592);0;1;0;Sat Dec 16 19:14:57 2023
VBoxManage(491719);run(4573);0;1;0;Sat Dec 16 19:14:57 2023
VBoxHeadless(491735);nspr-4(2638);0;1;0;Sat Dec 16 19:14:57 2023
VMPwrUp(491735);nspr-4(2638);0;1;0;Sat Dec 16 19:14:57 2023
run(492586);run(4592);0;1;0;Sat Dec 16 19:14:57 2023
run(4592);run(4573);0;1;0;Sat Dec 16 19:14:57 2023
apt-get(752223);apt.systemd.dai(752207);0;1;0;Sat Dec 16 19:14:57 2023
VBoxHeadless(980384);nspr-2(2638);0;1;0;Sat Dec 16 19:14:57 2023
VMPwrUp(980384);nspr-2(2638);0;1;0;Sat Dec 16 19:14:57 2023
EMT-0(980384);nspr-2(2638);0;4;0;Sat Dec 16 19:14:57 2023
monitoring-VBox(980823);monitoring-VBox(980819);0;1;0;Sat Dec 16 19:14:57 2023
monitoring-VBox(980981);monitoring-VBox(4601);0;1;0;Sat Dec 16 19:14:57 2023
ps(5202);run(5201);0;1;0;Sat Dec 16 19:16:57 2023
run(5952);run(4592);0;1;0;Sat Dec 16 19:16:57 2023
monitoring-VBox(8683);monitoring-VBox(4601);0;1;0;Sat Dec 16 19:16:57 2023
monitoring-VBox(4603);run(4592);0;1;0;Sat Dec 16 19:16:57 2023
monitoring-VBox(28330);monitoring-VBox(28326);0;1;0;Sat Dec 16 19:16:57 2023
server-response(8069);bash(5596);0;2;0;Sat Dec 16 19:16:57 2023
monitoring-VBox(361924);monitoring-VBox(4601);0;1;0;Sat Dec 16 19:16:57 2023
EMT-0(4530);nspr-2(2638);0;3;0;Sat Dec 16 19:16:57 2023
EMT-1(4530);nspr-2(2638);0;10;0;Sat Dec 16 19:16:57 2023
run(432162);run(432160);0;1;0;Sat Dec 16 19:16:57 2023
run(434462);run(4592);0;1;0;Sat Dec 16 19:16:57 2023
VBoxManage(491719);run(4573);0;1;0;Sat Dec 16 19:16:57 2023
VBoxHeadless(491735);nspr-4(2638);0;1;0;Sat Dec 16 19:16:57 2023
VMPwrUp(491735);nspr-4(2638);0;1;0;Sat Dec 16 19:16:57 2023
run(492586);run(4592);0;1;0;Sat Dec 16 19:16:57 2023
run(4592);run(4573);0;1;0;Sat Dec 16 19:16:57 2023
apt-get(752223);apt.systemd.dai(752207);0;1;0;Sat Dec 16 19:16:57 2023
VBoxHeadless(980384);nspr-2(2638);0;1;0;Sat Dec 16 19:16:57 2023
VMPwrUp(980384);nspr-2(2638);0;1;0;Sat Dec 16 19:16:57 2023
EMT-0(980384);nspr-2(2638);0;4;0;Sat Dec 16 19:16:57 2023
monitoring-VBox(980823);monitoring-VBox(980819);0;1;0;Sat Dec 16 19:16:57 2023
monitoring-VBox(980981);monitoring-VBox(4601);0;1;0;Sat Dec 16 19:16:57 2023
ps(5202);run(5201);0;1;0;Sat Dec 16 19:18:57 2023
run(5952);run(4592);0;1;0;Sat Dec 16 19:18:57 2023
monitoring-VBox(8683);monitoring-VBox(4601);0;1;0;Sat Dec 16 19:18:57 2023
monitoring-VBox(4603);run(4592);0;1;0;Sat Dec 16 19:18:57 2023
monitoring-VBox(28330);monitoring-VBox(28326);0;1;0;Sat Dec 16 19:18:57 2023
server-response(8069);bash(5596);0;2;0;Sat Dec 16 19:18:57 2023
monitoring-VBox(361924);monitoring-VBox(4601);0;1;0;Sat Dec 16 19:18:57 2023
EMT-0(4530);nspr-2(2638);0;3;0;Sat Dec 16 19:18:57 2023
EMT-1(4530);nspr-2(2638);0;10;0;Sat Dec 16 19:18:57 2023
run(432162);run(432160);0;1;0;Sat Dec 16 19:18:57 2023
run(434462);run(4592);0;1;0;Sat Dec 16 19:18:57 2023
VBoxManage(491719);run(4573);0;1;0;Sat Dec 16 19:18:57 2023
VBoxHeadless(491735);nspr-4(2638);0;1;0;Sat Dec 16 19:18:57 2023
VMPwrUp(491735);nspr-4(2638);0;1;0;Sat Dec 16 19:18:57 2023
run(492586);run(4592);0;1;0;Sat Dec 16 19:18:57 2023
run(4592);run(4573);0;1;0;Sat Dec 16 19:18:57 2023
apt-get(752223);apt.systemd.dai(752207);0;1;0;Sat Dec 16 19:18:57 2023
VBoxHeadless(980384);nspr-2(2638);0;1;0;Sat Dec 16 19:18:57 2023
VMPwrUp(980384);nspr-2(2638);0;1;0;Sat Dec 16 19:18:57 2023
EMT-0(980384);nspr-2(2638);0;4;0;Sat Dec 16 19:18:57 2023
monitoring-VBox(980823);monitoring-VBox(980819);0;1;0;Sat Dec 16 19:18:57 2023
monitoring-VBox(980981);monitoring-VBox(4601);0;1;0;Sat Dec 16 19:18:57 2023
ps(5202);run(5201);0;1;0;Sat Dec 16 19:20:57 2023
run(5952);run(4592);0;1;0;Sat Dec 16 19:20:57 2023
monitoring-VBox(8683);monitoring-VBox(4601);0;1;0;Sat Dec 16 19:20:57 2023
monitoring-VBox(4603);run(4592);0;1;0;Sat Dec 16 19:20:57 2023
monitoring-VBox(28330);monitoring-VBox(28326);0;1;0;Sat Dec 16 19:20:57 2023
server-response(8069);bash(5596);0;2;0;Sat Dec 16 19:20:57 2023
monitoring-VBox(361924);monitoring-VBox(4601);0;1;0;Sat Dec 16 19:20:57 2023
EMT-0(4530);nspr-2(2638);0;3;0;Sat Dec 16 19:20:57 2023
EMT-1(4530);nspr-2(2638);0;10;0;Sat Dec 16 19:20:57 2023
run(432162);run(432160);0;1;0;Sat Dec 16 19:20:57 2023
run(434462);run(4592);0;1;0;Sat Dec 16 19:20:57 2023
VBoxManage(491719);run(4573);0;1;0;Sat Dec 16 19:20:57 2023
VBoxHeadless(491735);nspr-4(2638);0;1;0;Sat Dec 16 19:20:57 2023
VMPwrUp(491735);nspr-4(2638);0;1;0;Sat Dec 16 19:20:57 2023
run(492586);run(4592);0;1;0;Sat Dec 16 19:20:57 2023
run(4592);run(4573);0;1;0;Sat Dec 16 19:20:57 2023
apt-get(752223);apt.systemd.dai(752207);0;1;0;Sat Dec 16 19:20:57 2023
VBoxHeadless(980384);nspr-2(2638);0;1;0;Sat Dec 16 19:20:57 2023
VMPwrUp(980384);nspr-2(2638);0;1;0;Sat Dec 16 19:20:57 2023
EMT-0(980384);nspr-2(2638);0;4;0;Sat Dec 16 19:20:57 2023
monitoring-VBox(980823);monitoring-VBox(980819);0;1;0;Sat Dec 16 19:20:57 2023
monitoring-VBox(980981);monitoring-VBox(4601);0;1;0;Sat Dec 16 19:20:57 2023
monitoring-VBox(1028109);monitoring-VBox(4601);0;1;0;Sat Dec 16 19:20:57 2023
